,name,team,batting_style,bowling_style,playing_role,profile_url,profile_image
0,Simi Singh,Ireland,Right hand Bat,"Right arm Offbreak, Legbreak Googly",Bowling Allrounder,https://www.espncricinfo.com/cricketers/simi-singh-1005257,"https://img1.hscicdn.com/image/upload/f_auto,t_ds_square_w_320/lsci/db/PICTURES/CMS/319800/319897.png"
1,Mosaddek Hossain,Bangladesh,Right hand Bat,Right arm Offbreak,Middle order Batter,https://www.espncricinfo.com/cricketers/mosaddek-hossain-550133,"https://img1.hscicdn.com/image/upload/f_auto,t_ds_square_w_320/lsci/db/PICTURES/CMS/319700/319733.png"
2,Tim Southee,New Zealand,Right hand Bat,Right arm Medium fast,Bowler,https://www.espncricinfo.com/cricketers/tim-southee-232364,"https://img1.hscicdn.com/image/upload/f_auto,t_ds_square_w_320/lsci/db/PICTURES/CMS/316500/316596.png"
3,Mark Adair,Ireland,Right hand Bat,Right arm Fast medium,Bowling Allrounder,https://www.espncricinfo.com/cricketers/mark-adair-526441,"https://img1.hscicdn.com/image/upload/f_auto,t_ds_square_w_320/lsci/db/PICTURES/CMS/319800/319892.png"
4,Axar Patel,India,Left hand Bat,Slow Left arm Orthodox,Bowling Allrounder,https://www.espncricinfo.com/cricketers/axar-patel-554691,"https://img1.hscicdn.com/image/upload/f_auto,t_ds_square_w_320/lsci/db/PICTURES/CMS/331100/331164.png"
5,David Wiese,Namibia,Right hand Bat,Right arm Medium fast,Allrounder,https://www.espncricinfo.com/cricketers/david-wiese-221140,"https://img1.hscicdn.com/image/upload/f_auto,t_ds_square_w_320/lsci/db/PICTURES/CMS/322000/322079.png"
6,Dushmantha Chameera,Sri Lanka,Right hand Bat,Right arm Fast,Bowler,https://www.espncricinfo.com/cricketers/dushmantha-chameera-552152,"https://img1.hscicdn.com/image/upload/f_auto,t_ds_square_w_320/lsci/db/PICTURES/CMS/319800/319862.png"
7,Yasir Ali,Bangladesh,Right hand Bat,Right arm Offbreak,Middle order Batter,https://www.espncricinfo.com/cricketers/yasir-ali-629059,nan
8,Ben Stokes,England,Left hand Bat,Right arm Fast medium,Allrounder,https://www.espncricinfo.com/cricketers/ben-stokes-311158,"https://img1.hscicdn.com/image/upload/f_auto,t_ds_square_w_320/lsci/db/PICTURES/CMS/319700/319748.png"
9,Iftikhar Ahmed,Pakistan,Right hand Bat,Right arm Offbreak,Middle order Batter,https://www.espncricinfo.com/cricketers/iftikhar-ahmed-480603,"https://img1.hscicdn.com/image/upload/f_auto,t_ds_square_w_320/lsci/db/PICTURES/CMS/322100/322153.png"
10,Tom Cooper,Netherlands,Right hand Bat,Right arm Offbreak,Middle order Batter,https://www.espncricinfo.com/cricketers/tom-cooper-219885,"https://img1.hscicdn.com/image/upload/f_auto,t_ds_square_w_320/lsci/db/PICTURES/CMS/322400/322485.png"
11,Sam Curran,England,Left hand Bat,Left arm Medium fast,Allrounder,https://www.espncricinfo.com/cricketers/sam-curran-662973,"https://img1.hscicdn.com/image/upload/f_auto,t_ds_square_w_320/lsci/db/PICTURES/CMS/323100/323113.png"
12,Zahoor Khan,United Arab Emirates,Right hand Bat,Right arm Medium fast,Bowler,https://www.espncricinfo.com/cricketers/zahoor-khan-384525,"https://img1.hscicdn.com/image/upload/f_auto,t_ds_square_w_320/lsci/db/PICTURES/CMS/320100/320104.png"
13,Andy Balbirnie,Ireland,Right hand Bat,Right arm Offbreak,Batter,https://www.espncricinfo.com/cricketers/andy-balbirnie-303423,"https://img1.hscicdn.com/image/upload/f_auto,t_ds_square_w_320/lsci/db/PICTURES/CMS/316600/316637.png"
14,Vikramjit Singh,Netherlands,Left hand Bat,Right arm Medium,Opening Batter,https://www.espncricinfo.com/cricketers/vikramjit-singh-1153767,"https://img1.hscicdn.com/image/upload/f_auto,t_ds_square_w_320/lsci/db/PICTURES/CMS/368000/368038.png"
15,Lahiru Kumara,Sri Lanka,Left hand Bat,Right arm Fast,Bowler,https://www.espncricinfo.com/cricketers/lahiru-kumara-784375,"https://img1.hscicdn.com/image/upload/f_auto,t_ds_square_w_320/lsci/db/PICTURES/CMS/322900/322942.png"
16,Nasum Ahmed,Bangladesh,Left hand Bat,Slow Left arm Orthodox,Bowler,https://www.espncricinfo.com/cricketers/nasum-ahmed-348049,"https://img1.hscicdn.com/image/upload/f_auto,t_ds_square_w_320/lsci/db/PICTURES/CMS/323100/323176.png"
17,Maheesh Theekshana,Sri Lanka,Right hand Bat,Right arm Offbreak,Bowler,https://www.espncricinfo.com/cricketers/maheesh-theekshana-1138316,"https://img1.hscicdn.com/image/upload/f_auto,t_ds_square_w_320/lsci/db/PICTURES/CMS/347800/347825.png"
18,Tony Munyonga,Zimbabwe,Right hand Bat,Right arm Offbreak,Allrounder,https://www.espncricinfo.com/cricketers/tony-munyonga-1122853,"https://img1.hscicdn.com/image/upload/f_auto,t_ds_square_w_320/lsci/db/PICTURES/CMS/348500/348594.png"
19,Shakib Al Hasan,Bangladesh,Left hand Bat,Slow Left arm Orthodox,Allrounder,https://www.espncricinfo.com/cricketers/shakib-al-hasan-56143,"https://img1.hscicdn.com/image/upload/f_auto,t_ds_square_w_320/lsci/db/PICTURES/CMS/316500/316581.png"
20,Lungi Ngidi,South Africa,Right hand Bat,Right arm Fast medium,Bowler,https://www.espncricinfo.com/cricketers/lungi-ngidi-542023,"https://img1.hscicdn.com/image/upload/f_auto,t_ds_square_w_320/lsci/db/PICTURES/CMS/322000/322069.png"
21,Zane Green,Namibia,Left hand Bat,nan,Wicketkeeper Batter,https://www.espncricinfo.com/cricketers/zane-green-596664,"https://img1.hscicdn.com/image/upload/f_auto,t_ds_square_w_320/lsci/db/PICTURES/CMS/350300/350307.png"
22,Calum MacLeod,Scotland,Right hand Bat,"Right arm Medium fast, Right arm Offbreak",Top order Batter,https://www.espncricinfo.com/cricketers/calum-macleod-232435,"https://img1.hscicdn.com/image/upload/f_auto,t_ds_square_w_320/lsci/db/PICTURES/CMS/316500/316597.png"
23,Haris Rauf,Pakistan,Right hand Bat,Right arm Fast,Bowler,https://www.espncricinfo.com/cricketers/haris-rauf-1161606,"https://img1.hscicdn.com/image/upload/f_auto,t_ds_square_w_320/lsci/db/PICTURES/CMS/322200/322202.png"
24,Tabraiz Shamsi,South Africa,Right hand Bat,Left arm Wrist spin,Bowler,https://www.espncricinfo.com/cricketers/tabraiz-shamsi-379145,"https://img1.hscicdn.com/image/upload/f_auto,t_ds_square_w_320/lsci/db/PICTURES/CMS/322000/322068.png"
25,Pathum Nissanka,Sri Lanka,Right hand Bat,nan,Top order Batter,https://www.espncricinfo.com/cricketers/pathum-nissanka-1028655,"https://img1.hscicdn.com/image/upload/f_auto,t_ds_square_w_320/lsci/db/PICTURES/CMS/323000/323070.png"
26,Soumya Sarkar,Bangladesh,Left hand Bat,Right arm Medium fast,Middle order Batter,https://www.espncricinfo.com/cricketers/soumya-sarkar-436677,"https://img1.hscicdn.com/image/upload/f_auto,t_ds_square_w_320/lsci/db/PICTURES/CMS/316600/316685.png"
27,Dhananjaya de Silva,Sri Lanka,Right hand Bat,Right arm Offbreak,Allrounder,https://www.espncricinfo.com/cricketers/dhananjaya-de-silva-465793,"https://img1.hscicdn.com/image/upload/f_auto,t_ds_square_w_320/lsci/db/PICTURES/CMS/319800/319859.png"
28,Chris Greaves,Scotland,Right hand Bat,Legbreak,Bowler,https://www.espncricinfo.com/cricketers/chris-greaves-873199,"https://img1.hscicdn.com/image/upload/f_auto,t_ds_square_w_320/lsci/db/PICTURES/CMS/329700/329745.png"
29,Fazalhaq Farooqi,Afghanistan,Right hand Bat,Left arm Fast medium,Bowler,https://www.espncricinfo.com/cricketers/fazalhaq-farooqi-974175,"https://img1.hscicdn.com/image/upload/f_auto,t_ds_square_w_320/lsci/db/PICTURES/CMS/345000/345077.png"
30,Binura Fernando,Sri Lanka,Right hand Bat,Left arm Medium fast,Bowler,https://www.espncricinfo.com/cricketers/binura-fernando-629080,"https://img1.hscicdn.com/image/upload/f_auto,t_ds_square_w_320/lsci/db/PICTURES/CMS/329900/329936.png"
31,Tristan Stubbs,South Africa,Right hand Bat,Right arm Offbreak,Wicketkeeper Batter,https://www.espncricinfo.com/cricketers/tristan-stubbs-595978,"https://img1.hscicdn.com/image/upload/f_auto,t_ds_square_w_320/lsci/db/PICTURES/CMS/348500/348577.png"
32,Wessly Madhevere,Zimbabwe,Right hand Bat,Right arm Offbreak,Allrounder,https://www.espncricinfo.com/cricketers/wessly-madhevere-938959,"https://img1.hscicdn.com/image/upload/f_auto,t_ds_square_w_320/lsci/db/PICTURES/CMS/326500/326552.png"
33,Mustafizur Rahman,Bangladesh,Left hand Bat,Left arm Fast medium,Bowler,https://www.espncricinfo.com/cricketers/mustafizur-rahman-330902,"https://img1.hscicdn.com/image/upload/f_auto,t_ds_square_w_320/lsci/db/PICTURES/CMS/319700/319734.png"
34,Alex Hales,England,Right hand Bat,Right arm Medium,Opening Batter,https://www.espncricinfo.com/cricketers/alex-hales-249866,"https://img1.hscicdn.com/image/upload/f_auto,t_ds_square_w_320/lsci/db/PICTURES/CMS/316600/316604.png"
35,Pramod Madushan,Sri Lanka,Right hand Bat,Right arm Medium fast,Bowler,https://www.espncricinfo.com/cricketers/pramod-madushan-826689,"https://img1.hscicdn.com/image/upload/f_auto,t_ds_square_w_320/lsci/db/PICTURES/CMS/355400/355401.png"
36,Ravichandran Ashwin,India,Right hand Bat,Right arm Offbreak,Bowling Allrounder,https://www.espncricinfo.com/cricketers/ravichandran-ashwin-26421,"https://img1.hscicdn.com/image/upload/f_auto,t_ds_square_w_320/lsci/db/PICTURES/CMS/316500/316521.png"
37,Suryakumar Yadav,India,Right hand Bat,"Right arm Medium, Right arm Offbreak",Batter,https://www.espncricinfo.com/cricketers/suryakumar-yadav-446507,"https://img1.hscicdn.com/image/upload/f_auto,t_ds_square_w_320/lsci/db/PICTURES/CMS/331100/331163.png"
38,Curtis Campher,Ireland,Right hand Bat,Right arm Medium fast,Allrounder,https://www.espncricinfo.com/cricketers/curtis-campher-595921,"https://img1.hscicdn.com/image/upload/f_auto,t_ds_square_w_320/lsci/db/PICTURES/CMS/321300/321343.png"
39,Mohammad Wasim,Pakistan,Right hand Bat,Right arm Fast medium,Bowling Allrounder,https://www.espncricinfo.com/cricketers/mohammad-wasim-1185538,"https://img1.hscicdn.com/image/upload/f_auto,t_ds_square_w_320/lsci/db/PICTURES/CMS/322100/322154.png"
40,Tim Pringle,Netherlands,Right hand Bat,Slow Left arm Orthodox,Allrounder,https://www.espncricinfo.com/cricketers/tim-pringle-1193548,nan
41,Bhanuka Rajapaksa,Sri Lanka,Left hand Bat,Right arm Medium,Top order Batter,https://www.espncricinfo.com/cricketers/bhanuka-rajapaksa-342619,"https://img1.hscicdn.com/image/upload/f_auto,t_ds_square_w_320/lsci/db/PICTURES/CMS/340300/340306.png"
42,Rishabh Pant,India,Left hand Bat,nan,Wicketkeeper Batter,https://www.espncricinfo.com/cricketers/rishabh-pant-931581,"https://img1.hscicdn.com/image/upload/f_auto,t_ds_square_w_320/lsci/db/PICTURES/CMS/323000/323036.png"
43,Mohammad Nawaz,Pakistan,Left hand Bat,Slow Left arm Orthodox,Allrounder,https://www.espncricinfo.com/cricketers/mohammad-nawaz-348148,"https://img1.hscicdn.com/image/upload/f_auto,t_ds_square_w_320/lsci/db/PICTURES/CMS/322200/322217.png"
44,Kane Williamson,New Zealand,Right hand Bat,Right arm Offbreak,Top order Batter,https://www.espncricinfo.com/cricketers/kane-williamson-277906,"https://img1.hscicdn.com/image/upload/f_auto,t_ds_square_w_320/lsci/db/PICTURES/CMS/316600/316618.png"
45,Pat Cummins,Australia,Right hand Bat,Right arm Fast,Bowler,https://www.espncricinfo.com/cricketers/pat-cummins-489889,"https://img1.hscicdn.com/image/upload/f_auto,t_ds_square_w_320/lsci/db/PICTURES/CMS/316600/316692.png"
46,Azmatullah Omarzai,Afghanistan,Right hand Bat,Right arm Medium fast,Allrounder,https://www.espncricinfo.com/cricketers/azmatullah-omarzai-819429,nan
47,Chris Woakes,England,Right hand Bat,Right arm Fast medium,Allrounder,https://www.espncricinfo.com/cricketers/chris-woakes-247235,"https://img1.hscicdn.com/image/upload/f_auto,t_ds_square_w_320/lsci/db/PICTURES/CMS/316600/316603.png"
48,Kagiso Rabada,South Africa,Left hand Bat,Right arm Fast,Bowler,https://www.espncricinfo.com/cricketers/kagiso-rabada-550215,"https://img1.hscicdn.com/image/upload/f_auto,t_ds_square_w_320/lsci/db/PICTURES/CMS/320300/320376.png"
49,Colin Ackermann,Netherlands,Right hand Bat,Right arm Offbreak,Batting Allrounder,https://www.espncricinfo.com/cricketers/colin-ackermann-379774,"https://img1.hscicdn.com/image/upload/f_auto,t_ds_square_w_320/lsci/db/PICTURES/CMS/322600/322638.png"
50,Jos Buttler,England,Right hand Bat,nan,Wicketkeeper Batter,https://www.espncricinfo.com/cricketers/jos-buttler-308967,"https://img1.hscicdn.com/image/upload/f_auto,t_ds_square_w_320/lsci/db/PICTURES/CMS/316600/316642.png"
51,Lockie Ferguson,New Zealand,Right hand Bat,Right arm Fast,Bowler,https://www.espncricinfo.com/cricketers/lockie-ferguson-493773,"https://img1.hscicdn.com/image/upload/f_auto,t_ds_square_w_320/lsci/db/PICTURES/CMS/321200/321239.png"
52,Liam Livingstone,England,Right hand Bat,"Right arm Offbreak, Legbreak",Batting Allrounder,https://www.espncricinfo.com/cricketers/liam-livingstone-403902,"https://img1.hscicdn.com/image/upload/f_auto,t_ds_square_w_320/lsci/db/PICTURES/CMS/323100/323103.png"
53,Michael Jones,Scotland,Right hand Bat,Right arm Offbreak,Top order Batter,https://www.espncricinfo.com/cricketers/michael-jones-1093091,"https://img1.hscicdn.com/image/upload/f_auto,t_ds_square_w_320/lsci/db/PICTURES/CMS/322400/322444.png"
54,Kusal Mendis,Sri Lanka,Right hand Bat,Legbreak,Wicketkeeper Batter,https://www.espncricinfo.com/cricketers/kusal-mendis-629074,"https://img1.hscicdn.com/image/upload/f_auto,t_ds_square_w_320/lsci/db/PICTURES/CMS/319800/319866.png"
55,Fred Klaassen,Netherlands,Right hand Bat,Left arm Fast medium,Bowler,https://www.espncricinfo.com/cricketers/fred-klaassen-1104703,"https://img1.hscicdn.com/image/upload/f_auto,t_ds_square_w_320/lsci/db/PICTURES/CMS/324200/324241.png"
56,Jason Holder,West Indies,Right hand Bat,Right arm Medium fast,Bowling Allrounder,https://www.espncricinfo.com/cricketers/jason-holder-391485,"https://img1.hscicdn.com/image/upload/f_auto,t_ds_square_w_320/lsci/db/PICTURES/CMS/316600/316673.png"
57,Danushka Gunathilaka,Sri Lanka,Left hand Bat,Right arm Offbreak,Allrounder,https://www.espncricinfo.com/cricketers/danushka-gunathilaka-345821,"https://img1.hscicdn.com/image/upload/f_auto,t_ds_square_w_320/lsci/db/PICTURES/CMS/319800/319857.png"
58,Josh Davey,Scotland,Right hand Bat,Right arm Medium fast,Bowler,https://www.espncricinfo.com/cricketers/josh-davey-407265,"https://img1.hscicdn.com/image/upload/f_auto,t_ds_square_w_320/lsci/db/PICTURES/CMS/316600/316676.png"
59,Alishan Sharafu,United Arab Emirates,Right hand Bat,Right arm Medium,Opening Batter,https://www.espncricinfo.com/cricketers/alishan-sharafu-1161038,"https://img1.hscicdn.com/image/upload/f_auto,t_ds_square_w_320/lsci/db/PICTURES/CMS/351800/351852.png"
60,Shan Masood,Pakistan,Left hand Bat,Right arm Medium fast,Opening Batter,https://www.espncricinfo.com/cricketers/shan-masood-233901,"https://img1.hscicdn.com/image/upload/f_auto,t_ds_square_w_320/lsci/db/PICTURES/CMS/322200/322251.png"
61,Najmul Hossain Shanto,Bangladesh,Left hand Bat,Right arm Offbreak,Top order Batter,https://www.espncricinfo.com/cricketers/najmul-hossain-shanto-629058,"https://img1.hscicdn.com/image/upload/f_auto,t_ds_square_w_320/lsci/db/PICTURES/CMS/323100/323155.png"
62,Hasan Mahmud,Bangladesh,Right hand Bat,Right arm Fast medium,Bowler,https://www.espncricinfo.com/cricketers/hasan-mahmud-926629,"https://img1.hscicdn.com/image/upload/f_auto,t_ds_square_w_320/lsci/db/PICTURES/CMS/323100/323172.png"
63,Adam Zampa,Australia,Right hand Bat,Legbreak Googly,Bowler,https://www.espncricinfo.com/cricketers/adam-zampa-379504,"https://img1.hscicdn.com/image/upload/f_auto,t_ds_square_w_320/lsci/db/PICTURES/CMS/321500/321549.png"
64,Mehidy Hasan Miraz,Bangladesh,Right hand Bat,Right arm Offbreak,Allrounder,https://www.espncricinfo.com/cricketers/mehidy-hasan-miraz-629063,"https://img1.hscicdn.com/image/upload/f_auto,t_ds_square_w_320/lsci/db/PICTURES/CMS/319700/319728.png"
65,Sikandar Raza,Zimbabwe,Right hand Bat,Right arm Offbreak,Batting Allrounder,https://www.espncricinfo.com/cricketers/sikandar-raza-299572,"https://img1.hscicdn.com/image/upload/f_auto,t_ds_square_w_320/lsci/db/PICTURES/CMS/316600/316632.png"
66,Chundangapoyil Rizwan,United Arab Emirates,Right hand Bat,Legbreak Googly,Middle order Batter,https://www.espncricinfo.com/cricketers/chundangapoyil-rizwan-474760,"https://img1.hscicdn.com/image/upload/f_auto,t_ds_square_w_320/lsci/db/PICTURES/CMS/320300/320320.png"
67,Aayan Afzal Khan,United Arab Emirates,Right hand Bat,Slow Left arm Orthodox,Bowling Allrounder,https://www.espncricinfo.com/cricketers/aayan-afzal-khan-1241265,"https://img1.hscicdn.com/image/upload/f_auto,t_ds_square_w_320/lsci/db/PICTURES/CMS/354900/354956.png"
68,Nicholas Pooran,West Indies,Left hand Bat,Right arm Offbreak,Wicketkeeper Batter,https://www.espncricinfo.com/cricketers/nicholas-pooran-604302,"https://img1.hscicdn.com/image/upload/f_auto,t_ds_square_w_320/lsci/db/PICTURES/CMS/320100/320109.png"
69,Timm van der Gugten,Netherlands,Right hand Bat,Right arm Fast medium,Bowler,https://www.espncricinfo.com/cricketers/timm-van-der-gugten-333782,"https://img1.hscicdn.com/image/upload/f_auto,t_ds_square_w_320/lsci/db/PICTURES/CMS/322600/322642.png"
70,Stephan Myburgh,Netherlands,Left hand Bat,Right arm Offbreak,Opening Batter,https://www.espncricinfo.com/cricketers/stephan-myburgh-233712,"https://img1.hscicdn.com/image/upload/f_auto,t_ds_square_w_320/lsci/db/PICTURES/CMS/322500/322584.png"
71,Roelof van der Merwe,Netherlands,Right hand Bat,Slow Left arm Orthodox,Bowling Allrounder,https://www.espncricinfo.com/cricketers/roelof-van-der-merwe-47850,"https://img1.hscicdn.com/image/upload/f_auto,t_ds_square_w_320/lsci/db/PICTURES/CMS/322500/322596.png"
72,Glenn Phillips,New Zealand,Right hand Bat,Right arm Offbreak,Wicketkeeper Batter,https://www.espncricinfo.com/cricketers/glenn-phillips-823509,"https://img1.hscicdn.com/image/upload/f_auto,t_ds_square_w_320/lsci/db/PICTURES/CMS/321200/321223.png"
73,Ruben Trumpelmann,Namibia,Right hand Bat,Left arm Fast,Bowler,https://www.espncricinfo.com/cricketers/ruben-trumpelmann-698317,"https://img1.hscicdn.com/image/upload/f_auto,t_ds_square_w_320/lsci/db/PICTURES/CMS/348600/348607.png"
74,Fakhar Zaman,Pakistan,Left hand Bat,Slow Left arm Orthodox,Opening Batter,https://www.espncricinfo.com/cricketers/fakhar-zaman-512191,"https://img1.hscicdn.com/image/upload/f_auto,t_ds_square_w_320/lsci/db/PICTURES/CMS/320400/320449.png"
75,Chris Jordan,England,Right hand Bat,Right arm Fast medium,Bowler,https://www.espncricinfo.com/cricketers/chris-jordan-288992,"https://img1.hscicdn.com/image/upload/f_auto,t_ds_square_w_320/lsci/db/PICTURES/CMS/316600/316623.png"
76,Glenn Maxwell,Australia,Right hand Bat,Right arm Offbreak,Batting Allrounder,https://www.espncricinfo.com/cricketers/glenn-maxwell-325026,"https://img1.hscicdn.com/image/upload/f_auto,t_ds_square_w_320/lsci/db/PICTURES/CMS/316600/316657.png"
77,David Warner,Australia,Left hand Bat,Legbreak,Opening Batter,https://www.espncricinfo.com/cricketers/david-warner-219889,"https://img1.hscicdn.com/image/upload/f_auto,t_ds_square_w_320/lsci/db/PICTURES/CMS/316500/316589.png"
78,Mitchell Santner,New Zealand,Left hand Bat,Slow Left arm Orthodox,Bowling Allrounder,https://www.espncricinfo.com/cricketers/mitchell-santner-502714,"https://img1.hscicdn.com/image/upload/f_auto,t_ds_square_w_320/lsci/db/PICTURES/CMS/319700/319792.png"
79,Sean Williams,Zimbabwe,Left hand Bat,Slow Left arm Orthodox,Middle order Batter,https://www.espncricinfo.com/cricketers/sean-williams-55870,"https://img1.hscicdn.com/image/upload/f_auto,t_ds_square_w_320/lsci/db/PICTURES/CMS/316500/316568.png"
80,Phil Salt,England,Right hand Bat,Right arm Offbreak,Wicketkeeper Batter,https://www.espncricinfo.com/cricketers/phil-salt-669365,"https://img1.hscicdn.com/image/upload/f_auto,t_ds_square_w_320/lsci/db/PICTURES/CMS/324200/324245.png"
81,Zawar Farid,United Arab Emirates,Right hand Bat,Right arm Medium,Bowler,https://www.espncricinfo.com/cricketers/zawar-farid-1196500,"https://img1.hscicdn.com/image/upload/f_auto,t_ds_square_w_320/lsci/db/PICTURES/CMS/354900/354966.png"
82,Mitchell Marsh,Australia,Right hand Bat,Right arm Medium,Allrounder,https://www.espncricinfo.com/cricketers/mitchell-marsh-272450,"https://img1.hscicdn.com/image/upload/f_auto,t_ds_square_w_320/lsci/db/PICTURES/CMS/316600/316612.png"
83,Jan Frylinck,Namibia,Left hand Bat,Left arm Fast medium,Allrounder,https://www.espncricinfo.com/cricketers/jan-frylinck-482478,"https://img1.hscicdn.com/image/upload/f_auto,t_ds_square_w_320/lsci/db/PICTURES/CMS/348600/348605.png"
84,Ben Shikongo,Namibia,Right hand Bat,Right arm Medium fast,Bowler,https://www.espncricinfo.com/cricketers/ben-shikongo-1069820,"https://img1.hscicdn.com/image/upload/f_auto,t_ds_square_w_320/lsci/db/PICTURES/CMS/329700/329760.png"
85,Regis Chakabva,Zimbabwe,Right hand Bat,Right arm Offbreak,Wicketkeeper Batter,https://www.espncricinfo.com/cricketers/regis-chakabva-293831,https://wassets.hscicdn.com/static/images/lazyimage-transparent.png
86,Tendai Chatara,Zimbabwe,Right hand Bat,Right arm Fast medium,Bowler,https://www.espncricinfo.com/cricketers/tendai-chatara-425639,"https://img1.hscicdn.com/image/upload/f_auto,t_ds_square_w_320/lsci/db/PICTURES/CMS/316600/316683.png"
87,Max O'Dowd,Netherlands,Right hand Bat,Right arm Offbreak,Opening Batter,https://www.espncricinfo.com/cricketers/max-o-dowd-643197,"https://img1.hscicdn.com/image/upload/f_auto,t_ds_square_w_320/lsci/db/PICTURES/CMS/322500/322583.png"
88,Luke Jongwe,Zimbabwe,Right hand Bat,Right arm Fast medium,Allrounder,https://www.espncricinfo.com/cricketers/luke-jongwe-541224,"https://img1.hscicdn.com/image/upload/f_auto,t_ds_square_w_320/lsci/db/PICTURES/CMS/348500/348593.png"
89,KL Rahul,India,Right hand Bat,nan,Wicketkeeper Batter,https://www.espncricinfo.com/cricketers/kl-rahul-422108,"https://img1.hscicdn.com/image/upload/f_auto,t_ds_square_w_320/lsci/db/PICTURES/CMS/319900/319942.png"
90,Cameron Green,Australia,Right hand Bat,Right arm Fast medium,Batting Allrounder,https://www.espncricinfo.com/cricketers/cameron-green-1076713,"https://img1.hscicdn.com/image/upload/f_auto,t_ds_square_w_320/lsci/db/PICTURES/CMS/321500/321569.png"
91,Safyaan Sharif,Scotland,Right hand Bat,Right arm Medium fast,Bowler,https://www.espncricinfo.com/cricketers/safyaan-sharif-414970,"https://img1.hscicdn.com/image/upload/f_auto,t_ds_square_w_320/lsci/db/PICTURES/CMS/316600/316679.png"
92,Wanindu Hasaranga,Sri Lanka,Right hand Bat,Legbreak,Allrounder,https://www.espncricinfo.com/cricketers/wanindu-hasaranga-784379,"https://img1.hscicdn.com/image/upload/f_auto,t_ds_square_w_320/lsci/db/PICTURES/CMS/322900/322946.png"
93,Shoriful Islam,Bangladesh,Left hand Bat,Left arm Medium fast,Bowler,https://www.espncricinfo.com/cricketers/shoriful-islam-990039,"https://img1.hscicdn.com/image/upload/f_auto,t_ds_square_w_320/lsci/db/PICTURES/CMS/323100/323175.png"
94,Afif Hossain,Bangladesh,Left hand Bat,Right arm Offbreak,Allrounder,https://www.espncricinfo.com/cricketers/afif-hossain-935995,"https://img1.hscicdn.com/image/upload/f_auto,t_ds_square_w_320/lsci/db/PICTURES/CMS/323100/323159.png"
95,Moeen Ali,England,Left hand Bat,Right arm Offbreak,Batting Allrounder,https://www.espncricinfo.com/cricketers/moeen-ali-8917,"https://img1.hscicdn.com/image/upload/f_auto,t_ds_square_w_320/lsci/db/PICTURES/CMS/316500/316557.png"
96,Paul van Meekeren,Netherlands,Right hand Bat,Right arm Fast medium,Bowler,https://www.espncricinfo.com/cricketers/paul-van-meekeren-348109,"https://img1.hscicdn.com/image/upload/f_auto,t_ds_square_w_320/lsci/db/PICTURES/CMS/322600/322644.png"
97,Ebadot Hossain,Bangladesh,Right hand Bat,Right arm Fast medium,Bowler,https://www.espncricinfo.com/cricketers/ebadot-hossain-932355,"https://img1.hscicdn.com/image/upload/f_auto,t_ds_square_w_320/lsci/db/PICTURES/CMS/345000/345078.png"
98,Odean Smith,West Indies,Right hand Bat,Right arm Fast medium,Bowling Allrounder,https://www.espncricinfo.com/cricketers/odean-smith-820691,"https://img1.hscicdn.com/image/upload/f_auto,t_ds_square_w_320/lsci/db/PICTURES/CMS/351800/351853.png"
99,Wayne Parnell,South Africa,Left hand Bat,Left arm Medium fast,Bowler,https://www.espncricinfo.com/cricketers/wayne-parnell-265564,"https://img1.hscicdn.com/image/upload/f_auto,t_ds_square_w_320/lsci/db/PICTURES/CMS/316600/316608.png"
100,Bas de Leede,Netherlands,Right hand Bat,Right arm Fast medium,Batting Allrounder,https://www.espncricinfo.com/cricketers/bas-de-leede-1036191,"https://img1.hscicdn.com/image/upload/f_auto,t_ds_square_w_320/lsci/db/PICTURES/CMS/322600/322637.png"
101,Vriitya Aravind,United Arab Emirates XI,Right hand Bat,nan,Wicketkeeper Batter,https://www.espncricinfo.com/cricketers/vriitya-aravind-1178586,"https://img1.hscicdn.com/image/upload/f_auto,t_ds_square_w_320/lsci/db/PICTURES/CMS/354900/354964.png"
102,Mohammad Rizwan,Pakistan,Right hand Bat,nan,Wicketkeeper Batter,https://www.espncricinfo.com/cricketers/mohammad-rizwan-323389,"https://img1.hscicdn.com/image/upload/f_auto,t_ds_square_w_320/lsci/db/PICTURES/CMS/320400/320458.png"
103,Bhuvneshwar Kumar,India,Right hand Bat,Right arm Medium,Bowler,https://www.espncricinfo.com/cricketers/bhuvneshwar-kumar-326016,"https://img1.hscicdn.com/image/upload/f_auto,t_ds_square_w_320/lsci/db/PICTURES/CMS/316600/316658.png"
104,Michael Leask,Scotland,Right hand Bat,Right arm Offbreak,Allrounder,https://www.espncricinfo.com/cricketers/michael-leask-414966,"https://img1.hscicdn.com/image/upload/f_auto,t_ds_square_w_320/lsci/db/PICTURES/CMS/316600/316678.png"
105,Darwish Rasooli,Afghanistan,Right hand Bat,Right arm Offbreak,Top order Batter,https://www.espncricinfo.com/cricketers/darwish-rasooli-819441,nan
106,George Dockrell,Ireland,Right hand Bat,Slow Left arm Orthodox,Allrounder,https://www.espncricinfo.com/cricketers/george-dockrell-348034,"https://img1.hscicdn.com/image/upload/f_auto,t_ds_square_w_320/lsci/db/PICTURES/CMS/316600/316659.png"
107,JJ Smit,Namibia,Right hand Bat,Left arm Medium fast,Bowling Allrounder,https://www.espncricinfo.com/cricketers/jj-smit-553821,"https://img1.hscicdn.com/image/upload/f_auto,t_ds_square_w_320/lsci/db/PICTURES/CMS/329700/329762.png"
108,Brandon Glover,Netherlands,Right hand Bat,Right arm Fast,Bowler,https://www.espncricinfo.com/cricketers/brandon-glover-595419,"https://img1.hscicdn.com/image/upload/f_auto,t_ds_square_w_320/lsci/db/PICTURES/CMS/325900/325907.png"
109,Kashif Daud,United Arab Emirates,Right hand Bat,Right arm Medium fast,Bowling Allrounder,https://www.espncricinfo.com/cricketers/kashif-daud-229225,"https://img1.hscicdn.com/image/upload/f_auto,t_ds_square_w_320/lsci/db/PICTURES/CMS/351500/351562.png"
110,Mark Watt,Scotland,Left hand Bat,Slow Left arm Orthodox,Bowler,https://www.espncricinfo.com/cricketers/mark-watt-659081,"https://img1.hscicdn.com/image/upload/f_auto,t_ds_square_w_320/lsci/db/PICTURES/CMS/320300/320372.png"
111,Quinton de Kock,South Africa,Left hand Bat,nan,Wicketkeeper Batter,https://www.espncricinfo.com/cricketers/quinton-de-kock-379143,"https://img1.hscicdn.com/image/upload/f_auto,t_ds_square_w_320/lsci/db/PICTURES/CMS/316600/316668.png"
112,Ryan Burl,Zimbabwe,Left hand Bat,Legbreak,Middle order Batter,https://www.espncricinfo.com/cricketers/ryan-burl-495964,"https://img1.hscicdn.com/image/upload/f_auto,t_ds_square_w_320/lsci/db/PICTURES/CMS/321400/321488.png"
113,Arshdeep Singh,India,Left hand Bat,Left arm Medium fast,Bowler,https://www.espncricinfo.com/cricketers/arshdeep-singh-1125976,"https://img1.hscicdn.com/image/upload/f_auto,t_ds_square_w_320/lsci/db/PICTURES/CMS/322100/322178.png"
114,Hardik Pandya,India,Right hand Bat,Right arm Medium fast,Allrounder,https://www.espncricinfo.com/cricketers/hardik-pandya-625371,"https://img1.hscicdn.com/image/upload/f_auto,t_ds_square_w_320/lsci/db/PICTURES/CMS/319900/319938.png"
115,Mohammed Shami,India,Right hand Bat,Right arm Fast,Bowler,https://www.espncricinfo.com/cricketers/mohammed-shami-481896,"https://img1.hscicdn.com/image/upload/f_auto,t_ds_square_w_320/lsci/db/PICTURES/CMS/316600/316691.png"
116,Mark Wood,England,Right hand Bat,Right arm Fast,Bowler,https://www.espncricinfo.com/cricketers/mark-wood-351588,"https://img1.hscicdn.com/image/upload/f_auto,t_ds_square_w_320/lsci/db/PICTURES/CMS/316600/316660.png"
117,Asif Ali,Pakistan,Right hand Bat,Right arm Offbreak,Middle order Batter,https://www.espncricinfo.com/cricketers/asif-ali-494230,"https://img1.hscicdn.com/image/upload/f_auto,t_ds_square_w_320/lsci/db/PICTURES/CMS/322100/322192.png"
118,Steven Smith,Australia,Right hand Bat,Legbreak Googly,Middle order Batter,https://www.espncricinfo.com/cricketers/steven-smith-267192,"https://img1.hscicdn.com/image/upload/f_auto,t_ds_square_w_320/lsci/db/PICTURES/CMS/316600/316609.png"
119,Dinesh Karthik,India,Right hand Bat,Right arm Offbreak,Wicketkeeper Batter,https://www.espncricinfo.com/cricketers/dinesh-karthik-30045,"https://img1.hscicdn.com/image/upload/f_auto,t_ds_square_w_320/lsci/db/PICTURES/CMS/319900/319934.png"
120,George Munsey,Scotland,Left hand Bat,Right arm Medium fast,Opening Batter,https://www.espncricinfo.com/cricketers/george-munsey-671805,"https://img1.hscicdn.com/image/upload/f_auto,t_ds_square_w_320/lsci/db/PICTURES/CMS/320300/320365.png"
121,Akeal Hosein,West Indies,Left hand Bat,Slow Left arm Orthodox,Bowler,https://www.espncricinfo.com/cricketers/akeal-hosein-530812,"https://img1.hscicdn.com/image/upload/f_auto,t_ds_square_w_320/lsci/db/PICTURES/CMS/321900/321939.png"
122,Blessing Muzarabani,Zimbabwe,Right hand Bat,Right arm Fast medium,Bowler,https://www.espncricinfo.com/cricketers/blessing-muzarabani-827051,"https://img1.hscicdn.com/image/upload/f_auto,t_ds_square_w_320/lsci/db/PICTURES/CMS/321400/321471.png"
123,Mujeeb Ur Rahman,Afghanistan,Right hand Bat,Right arm Offbreak,Bowler,https://www.espncricinfo.com/cricketers/mujeeb-ur-rahman-974109,"https://img1.hscicdn.com/image/upload/f_auto,t_ds_square_w_320/lsci/db/PICTURES/CMS/320500/320501.png"
124,Michael van Lingen,Namibia,Left hand Bat,"Left arm Medium, Slow Left arm Orthodox",Bowling Allrounder,https://www.espncricinfo.com/cricketers/michael-van-lingen-833777,"https://img1.hscicdn.com/image/upload/f_auto,t_ds_square_w_320/lsci/db/PICTURES/CMS/350300/350305.png"
125,David Miller,South Africa,Left hand Bat,Right arm Offbreak,Middle order Batter,https://www.espncricinfo.com/cricketers/david-miller-321777,"https://img1.hscicdn.com/image/upload/f_auto,t_ds_square_w_320/lsci/db/PICTURES/CMS/316600/316655.png"
126,Ahmed Raza,United Arab Emirates,Right hand Bat,Slow Left arm Orthodox,Bowler,https://www.espncricinfo.com/cricketers/ahmed-raza-245490,"https://img1.hscicdn.com/image/upload/f_auto,t_ds_square_w_320/lsci/db/PICTURES/CMS/320000/320094.png"
127,Josh Little,Ireland,Right hand Bat,Left arm Fast medium,Bowler,https://www.espncricinfo.com/cricketers/josh-little-928067,"https://img1.hscicdn.com/image/upload/f_auto,t_ds_square_w_320/lsci/db/PICTURES/CMS/367800/367860.png"
128,Obed McCoy,West Indies,Left hand Bat,Left arm Fast medium,Bowler,https://www.espncricinfo.com/cricketers/obed-mccoy-906783,"https://img1.hscicdn.com/image/upload/f_auto,t_ds_square_w_320/lsci/db/PICTURES/CMS/322000/322031.png"
129,Brandon King,West Indies,Right hand Bat,nan,Top order Batter,https://www.espncricinfo.com/cricketers/brandon-king-670035,"https://img1.hscicdn.com/image/upload/f_auto,t_ds_square_w_320/lsci/db/PICTURES/CMS/321900/321983.png"
130,Deepak Hooda,India,Right hand Bat,Right arm Offbreak,Allrounder,https://www.espncricinfo.com/cricketers/deepak-hooda-497121,"https://img1.hscicdn.com/image/upload/f_auto,t_ds_square_w_320/lsci/db/PICTURES/CMS/345000/345083.png"
131,Basil Hameed,United Arab Emirates,Right hand Bat,Right arm Offbreak,Middle order Batter,https://www.espncricinfo.com/cricketers/basil-hameed-1209110,"https://img1.hscicdn.com/image/upload/f_auto,t_ds_square_w_320/lsci/db/PICTURES/CMS/354900/354958.png"
132,Dasun Shanaka,Sri Lanka,Right hand Bat,Right arm Medium,Allrounder,https://www.espncricinfo.com/cricketers/dasun-shanaka-437316,"https://img1.hscicdn.com/image/upload/f_auto,t_ds_square_w_320/lsci/db/PICTURES/CMS/328000/328058.png"
133,Devon Conway,New Zealand,Left hand Bat,Right arm Medium,Wicketkeeper Batter,https://www.espncricinfo.com/cricketers/devon-conway-379140,"https://img1.hscicdn.com/image/upload/f_auto,t_ds_square_w_320/lsci/db/PICTURES/CMS/321200/321214.png"
134,Brad Wheal,Scotland,Right hand Bat,Right arm Fast medium,Bowler,https://www.espncricinfo.com/cricketers/brad-wheal-807535,"https://img1.hscicdn.com/image/upload/f_auto,t_ds_square_w_320/lsci/db/PICTURES/CMS/322400/322436.png"
135,Josh Hazlewood,Australia,Left hand Bat,Right arm Fast medium,Bowler,https://www.espncricinfo.com/cricketers/josh-hazlewood-288284,"https://img1.hscicdn.com/image/upload/f_auto,t_ds_square_w_320/lsci/db/PICTURES/CMS/316600/316622.png"
136,Haider Ali,Pakistan,Right hand Bat,nan,Middle order Batter,https://www.espncricinfo.com/cricketers/haider-ali-1168651,"https://img1.hscicdn.com/image/upload/f_auto,t_ds_square_w_320/lsci/db/PICTURES/CMS/322200/322204.png"
137,Harry Tector,Ireland,Right hand Bat,Right arm Offbreak,Middle order Batter,https://www.espncricinfo.com/cricketers/harry-tector-961407,"https://img1.hscicdn.com/image/upload/f_auto,t_ds_square_w_320/lsci/db/PICTURES/CMS/319800/319873.png"
138,Chamika Karunaratne,Sri Lanka,Right hand Bat,Right arm Medium fast,Bowling Allrounder,https://www.espncricinfo.com/cricketers/chamika-karunaratne-623695,"https://img1.hscicdn.com/image/upload/f_auto,t_ds_square_w_320/lsci/db/PICTURES/CMS/329900/329937.png"
139,Najibullah Zadran,Afghanistan,Left hand Bat,Right arm Offbreak,Middle order Batter,https://www.espncricinfo.com/cricketers/najibullah-zadran-524049,"https://img1.hscicdn.com/image/upload/f_auto,t_ds_square_w_320/lsci/db/PICTURES/CMS/316600/316698.png"
140,Babar Azam,Pakistan,Right hand Bat,Right arm Offbreak,Batter,https://www.espncricinfo.com/cricketers/babar-azam-348144,"https://img1.hscicdn.com/image/upload/f_auto,t_ds_square_w_320/lsci/db/PICTURES/CMS/320400/320448.png"
141,Nurul Hasan,Bangladesh,Right hand Bat,nan,Wicketkeeper Batter,https://www.espncricinfo.com/cricketers/nurul-hasan-410765,"https://img1.hscicdn.com/image/upload/f_auto,t_ds_square_w_320/lsci/db/PICTURES/CMS/323100/323162.png"
142,Richard Ngarava,Zimbabwe,Left hand Bat,Left arm Fast medium,Bowler,https://www.espncricinfo.com/cricketers/richard-ngarava-806241,"https://img1.hscicdn.com/image/upload/f_auto,t_ds_square_w_320/lsci/db/PICTURES/CMS/348500/348597.png"
143,Mitchell Starc,Australia,Left hand Bat,Left arm Fast,Bowler,https://www.espncricinfo.com/cricketers/mitchell-starc-311592,"https://img1.hscicdn.com/image/upload/f_auto,t_ds_square_w_320/lsci/db/PICTURES/CMS/316600/316644.png"
144,Marcus Stoinis,Australia,Right hand Bat,Right arm Medium,Batting Allrounder,https://www.espncricinfo.com/cricketers/marcus-stoinis-325012,"https://img1.hscicdn.com/image/upload/f_auto,t_ds_square_w_320/lsci/db/PICTURES/CMS/321500/321596.png"
145,Keshav Maharaj,South Africa,Right hand Bat,Slow Left arm Orthodox,Bowler,https://www.espncricinfo.com/cricketers/keshav-maharaj-267724,"https://img1.hscicdn.com/image/upload/f_auto,t_ds_square_w_320/lsci/db/PICTURES/CMS/322000/322072.png"
146,Anrich Nortje,South Africa,Right hand Bat,Right arm Fast,Bowler,https://www.espncricinfo.com/cricketers/anrich-nortje-481979,"https://img1.hscicdn.com/image/upload/f_auto,t_ds_square_w_320/lsci/db/PICTURES/CMS/322000/322080.png"
147,Dawid Malan,England,Left hand Bat,Legbreak,Top order Batter,https://www.espncricinfo.com/cricketers/dawid-malan-236489,"https://img1.hscicdn.com/image/upload/f_auto,t_ds_square_w_320/lsci/db/PICTURES/CMS/323000/323003.png"
148,Wellington Masakadza,Zimbabwe,Left hand Bat,Slow Left arm Orthodox,Bowler,https://www.espncricinfo.com/cricketers/wellington-masakadza-571703,"https://img1.hscicdn.com/image/upload/f_auto,t_ds_square_w_320/lsci/db/PICTURES/CMS/321400/321492.png"
149,Kyle Mayers,West Indies,Left hand Bat,Right arm Medium,Batting Allrounder,https://www.espncricinfo.com/cricketers/kyle-mayers-348056,"https://img1.hscicdn.com/image/upload/f_auto,t_ds_square_w_320/lsci/db/PICTURES/CMS/322000/322024.png"
150,Evin Lewis,West Indies,Left hand Bat,nan,Opening Batter,https://www.espncricinfo.com/cricketers/evin-lewis-431901,"https://img1.hscicdn.com/image/upload/f_auto,t_ds_square_w_320/lsci/db/PICTURES/CMS/320000/320093.png"
151,Stephan Baard,Namibia,Right hand Bat,Right arm Medium fast,Batter,https://www.espncricinfo.com/cricketers/stephan-baard-437927,"https://img1.hscicdn.com/image/upload/f_auto,t_ds_square_w_320/lsci/db/PICTURES/CMS/329700/329756.png"
152,Bernard Scholtz,Namibia,Right hand Bat,Slow Left arm Orthodox,Bowler,https://www.espncricinfo.com/cricketers/bernard-scholtz-330223,"https://img1.hscicdn.com/image/upload/f_auto,t_ds_square_w_320/lsci/db/PICTURES/CMS/329700/329759.png"
153,Aaron Finch,Australia,Right hand Bat,Slow Left arm Orthodox,Top order Batter,https://www.espncricinfo.com/cricketers/aaron-finch-5334,"https://img1.hscicdn.com/image/upload/f_auto,t_ds_square_w_320/lsci/db/PICTURES/CMS/316500/316533.png"
154,Ashton Agar,Australia,Left hand Bat,Slow Left arm Orthodox,Bowler,https://www.espncricinfo.com/cricketers/ashton-agar-505120,"https://img1.hscicdn.com/image/upload/f_auto,t_ds_square_w_320/lsci/db/PICTURES/CMS/321500/321559.png"
155,Adil Rashid,England,Right hand Bat,Legbreak,Bowler,https://www.espncricinfo.com/cricketers/adil-rashid-244497,"https://img1.hscicdn.com/image/upload/f_auto,t_ds_square_w_320/lsci/db/PICTURES/CMS/319700/319741.png"
156,Trent Boult,New Zealand,Right hand Bat,Left arm Fast medium,Bowler,https://www.espncricinfo.com/cricketers/trent-boult-277912,"https://img1.hscicdn.com/image/upload/f_auto,t_ds_square_w_320/lsci/db/PICTURES/CMS/316600/316619.png"
157,Mohammad Nabi,Afghanistan,Right hand Bat,Right arm Offbreak,Allrounder,https://www.espncricinfo.com/cricketers/mohammad-nabi-25913,"https://img1.hscicdn.com/image/upload/f_auto,t_ds_square_w_320/lsci/db/PICTURES/CMS/316500/316558.png"
158,Taskin Ahmed,Bangladesh,Left hand Bat,Right arm Fast,Bowler,https://www.espncricinfo.com/cricketers/taskin-ahmed-538506,"https://img1.hscicdn.com/image/upload/f_auto,t_ds_square_w_320/lsci/db/PICTURES/CMS/316700/316703.png"
159,Johnson Charles,West Indies,Right hand Bat,nan,Wicketkeeper Batter,https://www.espncricinfo.com/cricketers/johnson-charles-333066,"https://img1.hscicdn.com/image/upload/f_auto,t_ds_square_w_320/lsci/db/PICTURES/CMS/322000/322008.png"
160,Craig Ervine,Zimbabwe,Left hand Bat,Right arm Offbreak,Middle order Batter,https://www.espncricinfo.com/cricketers/craig-ervine-55412,"https://img1.hscicdn.com/image/upload/f_auto,t_ds_square_w_320/lsci/db/PICTURES/CMS/316500/316567.png"
161,Aiden Markram,South Africa,Right hand Bat,Right arm Offbreak,Opening Batter,https://www.espncricinfo.com/cricketers/aiden-markram-600498,"https://img1.hscicdn.com/image/upload/f_auto,t_ds_square_w_320/lsci/db/PICTURES/CMS/322000/322067.png"
162,Muhammad Waseem,United Arab Emirates,Right hand Bat,Right arm Medium,Opening Batter,https://www.espncricinfo.com/cricketers/muhammad-waseem-1241277,"https://img1.hscicdn.com/image/upload/f_auto,t_ds_square_w_320/lsci/db/PICTURES/CMS/354900/354962.png"
163,Rovman Powell,West Indies,Right hand Bat,Right arm Medium fast,Middle order Batter,https://www.espncricinfo.com/cricketers/rovman-powell-820351,"https://img1.hscicdn.com/image/upload/f_auto,t_ds_square_w_320/lsci/db/PICTURES/CMS/322100/322172.png"
164,Rashid Khan,Afghanistan,Right hand Bat,Legbreak Googly,Bowling Allrounder,https://www.espncricinfo.com/cricketers/rashid-khan-793463,"https://img1.hscicdn.com/image/upload/f_auto,t_ds_square_w_320/lsci/db/PICTURES/CMS/320500/320506.png"
165,Charith Asalanka,Sri Lanka,Left hand Bat,Right arm Offbreak,Batting Allrounder,https://www.espncricinfo.com/cricketers/charith-asalanka-784367,"https://img1.hscicdn.com/image/upload/f_auto,t_ds_square_w_320/lsci/db/PICTURES/CMS/348500/348599.png"
166,Virat Kohli,India,Right hand Bat,Right arm Medium,Top order Batter,https://www.espncricinfo.com/cricketers/virat-kohli-253802,"https://img1.hscicdn.com/image/upload/f_auto,t_ds_square_w_320/lsci/db/PICTURES/CMS/316600/316605.png"
167,Lorcan Tucker,Ireland,Right hand Bat,nan,Wicketkeeper Batter,https://www.espncricinfo.com/cricketers/lorcan-tucker-928057,"https://img1.hscicdn.com/image/upload/f_auto,t_ds_square_w_320/lsci/db/PICTURES/CMS/339100/339164.png"
168,Shaheen Shah Afridi,Pakistan,Left hand Bat,Left arm Fast,Bowler,https://www.espncricinfo.com/cricketers/shaheen-shah-afridi-1072470,"https://img1.hscicdn.com/image/upload/f_auto,t_ds_square_w_320/lsci/db/PICTURES/CMS/322200/322250.png"
169,Hazratullah Zazai,Afghanistan,Left hand Bat,Slow Left arm Orthodox,Opening Batter,https://www.espncricinfo.com/cricketers/hazratullah-zazai-793457,"https://img1.hscicdn.com/image/upload/f_auto,t_ds_square_w_320/lsci/db/PICTURES/CMS/320400/320497.png"
170,Brad Evans,Zimbabwe,Right hand Bat,Right arm Fast,Allrounder,https://www.espncricinfo.com/cricketers/brad-evans-696127,"https://img1.hscicdn.com/image/upload/f_auto,t_ds_square_w_320/lsci/db/PICTURES/CMS/348500/348596.png"
171,Gulbadin Naib,Afghanistan,Right hand Bat,Right arm Medium fast,Batting Allrounder,https://www.espncricinfo.com/cricketers/gulbadin-naib-352048,"https://img1.hscicdn.com/image/upload/f_auto,t_ds_square_w_320/lsci/db/PICTURES/CMS/316600/316661.png"
172,Divan la Cock,Namibia,Right hand Bat,Legbreak,Opening Batter,https://www.espncricinfo.com/cricketers/divan-la-cock-1178065,"https://img1.hscicdn.com/image/upload/f_auto,t_ds_square_w_320/lsci/db/PICTURES/CMS/350300/350303.png"
173,Daryl Mitchell,New Zealand,Right hand Bat,Right arm Medium,Batting Allrounder,https://www.espncricinfo.com/cricketers/daryl-mitchell-381743,"https://img1.hscicdn.com/image/upload/f_auto,t_ds_square_w_320/lsci/db/PICTURES/CMS/321200/321212.png"
174,Shamarh Brooks,West Indies,Right hand Bat,Legbreak,Top order Batter,https://www.espncricinfo.com/cricketers/shamarh-brooks-230555,"https://img1.hscicdn.com/image/upload/f_auto,t_ds_square_w_320/lsci/db/PICTURES/CMS/322000/322048.png"
175,Jan Nicol Loftie-Eaton,Namibia,Left hand Bat,"Right arm Medium, Legbreak",Batter,https://www.espncricinfo.com/cricketers/jan-nicol-loftie-eaton-1071473,"https://img1.hscicdn.com/image/upload/f_auto,t_ds_square_w_320/lsci/db/PICTURES/CMS/348600/348606.png"
176,Gerhard Erasmus,Namibia,Right hand Bat,Right arm Offbreak,Allrounder,https://www.espncricinfo.com/cricketers/gerhard-erasmus-519070,"https://img1.hscicdn.com/image/upload/f_auto,t_ds_square_w_320/lsci/db/PICTURES/CMS/329700/329755.png"
177,Richie Berrington,Scotland,Right hand Bat,Right arm Medium fast,Top order Batter,https://www.espncricinfo.com/cricketers/richie-berrington-25490,"https://img1.hscicdn.com/image/upload/f_auto,t_ds_square_w_320/lsci/db/PICTURES/CMS/316500/316587.png"
178,Heinrich Klaasen,South Africa,Right hand Bat,Right arm Offbreak,Wicketkeeper Batter,https://www.espncricinfo.com/cricketers/heinrich-klaasen-436757,"https://img1.hscicdn.com/image/upload/f_auto,t_ds_square_w_320/lsci/db/PICTURES/CMS/322000/322073.png"
179,Ish Sodhi,New Zealand,Right hand Bat,Legbreak,Bowler,https://www.espncricinfo.com/cricketers/ish-sodhi-559066,"https://img1.hscicdn.com/image/upload/f_auto,t_ds_square_w_320/lsci/db/PICTURES/CMS/319700/319778.png"
180,Kasun Rajitha,Sri Lanka,Right hand Bat,Right arm Medium fast,Bowler,https://www.espncricinfo.com/cricketers/kasun-rajitha-499594,"https://img1.hscicdn.com/image/upload/f_auto,t_ds_square_w_320/lsci/db/PICTURES/CMS/322900/322957.png"
181,Kane Richardson,Australia,Right hand Bat,Right arm Fast medium,Bowler,https://www.espncricinfo.com/cricketers/kane-richardson-272262,"https://img1.hscicdn.com/image/upload/f_auto,t_ds_square_w_320/lsci/db/PICTURES/CMS/321500/321594.png"
182,Alzarri Joseph,West Indies,Right hand Bat,Right arm Fast,Bowler,https://www.espncricinfo.com/cricketers/alzarri-joseph-670031,"https://img1.hscicdn.com/image/upload/f_auto,t_ds_square_w_320/lsci/db/PICTURES/CMS/321900/321943.png"
183,Milton Shumba,Zimbabwe,Left hand Bat,Slow Left arm Orthodox,Top order Batter,https://www.espncricinfo.com/cricketers/milton-shumba-951781,nan
184,Finn Allen,New Zealand,Right hand Bat,nan,Top order Batter,https://www.espncricinfo.com/cricketers/finn-allen-959759,"https://img1.hscicdn.com/image/upload/f_auto,t_ds_square_w_320/lsci/db/PICTURES/CMS/321200/321220.png"
185,Harry Brook,England,Right hand Bat,Right arm Medium,Batter,https://www.espncricinfo.com/cricketers/harry-brook-911707,"https://img1.hscicdn.com/image/upload/f_auto,t_ds_square_w_320/lsci/db/PICTURES/CMS/324200/324246.png"
186,Scott Edwards,Netherlands,Right hand Bat,nan,Wicketkeeper Batter,https://www.espncricinfo.com/cricketers/scott-edwards-1127317,"https://img1.hscicdn.com/image/upload/f_auto,t_ds_square_w_320/lsci/db/PICTURES/CMS/322500/322592.png"
187,Temba Bavuma,South Africa,Right hand Bat,Right arm Medium,Middle order Batter,https://www.espncricinfo.com/cricketers/temba-bavuma-372116,"https://img1.hscicdn.com/image/upload/f_auto,t_ds_square_w_320/lsci/db/PICTURES/CMS/320300/320389.png"
188,Rahmanullah Gurbaz,Afghanistan,Right hand Bat,nan,Wicketkeeper Batter,https://www.espncricinfo.com/cricketers/rahmanullah-gurbaz-974087,"https://img1.hscicdn.com/image/upload/f_auto,t_ds_square_w_320/lsci/db/PICTURES/CMS/320500/320504.png"
189,Logan van Beek,Netherlands,Right hand Bat,Right arm Medium fast,Bowler,https://www.espncricinfo.com/cricketers/logan-van-beek-440522,"https://img1.hscicdn.com/image/upload/f_auto,t_ds_square_w_320/lsci/db/PICTURES/CMS/331100/331170.png"
190,Aryan Lakra,United Arab Emirates,Left hand Bat,Slow Left arm Orthodox,Bowler,https://www.espncricinfo.com/cricketers/aryan-lakra-1058989,"https://img1.hscicdn.com/image/upload/f_auto,t_ds_square_w_320/lsci/db/PICTURES/CMS/354900/354957.png"
191,Shadab Khan,Pakistan,Right hand Bat,Legbreak,Allrounder,https://www.espncricinfo.com/cricketers/shadab-khan-922943,"https://img1.hscicdn.com/image/upload/f_auto,t_ds_square_w_320/lsci/db/PICTURES/CMS/320400/320467.png"
192,Usman Ghani,Afghanistan,Right hand Bat,nan,Opening Batter,https://www.espncricinfo.com/cricketers/usman-ghani-711559,"https://img1.hscicdn.com/image/upload/f_auto,t_ds_square_w_320/lsci/db/PICTURES/CMS/316700/316708.png"
193,Ibrahim Zadran,Afghanistan,Right hand Bat,Right arm Medium fast,Opening Batter,https://www.espncricinfo.com/cricketers/ibrahim-zadran-921509,"https://img1.hscicdn.com/image/upload/f_auto,t_ds_square_w_320/lsci/db/PICTURES/CMS/321300/321311.png"
194,Mohammad Haris,Pakistan,Right hand Bat,Right arm Offbreak,Middle order Batter,https://www.espncricinfo.com/cricketers/mohammad-haris-1205559,nan
195,Tim David,Australia,Right hand Bat,Right arm Offbreak,Middle order Batter,https://www.espncricinfo.com/cricketers/tim-david-892749,"https://img1.hscicdn.com/image/upload/f_auto,t_ds_square_w_320/lsci/db/PICTURES/CMS/340300/340305.png"
196,Fareed Ahmad,Afghanistan,Left hand Bat,Left arm Fast medium,Bowler,https://www.espncricinfo.com/cricketers/fareed-ahmad-568136,"https://img1.hscicdn.com/image/upload/f_auto,t_ds_square_w_320/lsci/db/PICTURES/CMS/320400/320494.png"
197,Shariz Ahmad,Netherlands,Left hand Bat,Legbreak Googly,Bowler,https://www.espncricinfo.com/cricketers/shariz-ahmad-1278252,"https://img1.hscicdn.com/image/upload/f_auto,t_ds_square_w_320/lsci/db/PICTURES/CMS/368000/368045.png"
198,Matthew Wade,Australia,Left hand Bat,Right arm Medium,Wicketkeeper Batter,https://www.espncricinfo.com/cricketers/matthew-wade-230193,"https://img1.hscicdn.com/image/upload/f_auto,t_ds_square_w_320/lsci/db/PICTURES/CMS/316500/316594.png"
199,Junaid Siddique,United Arab Emirates,Right hand Bat,Right arm Medium fast,Bowler,https://www.espncricinfo.com/cricketers/junaid-siddique-1203754,"https://img1.hscicdn.com/image/upload/f_auto,t_ds_square_w_320/lsci/db/PICTURES/CMS/354900/354960.png"
200,Naveen-ul-Haq,Afghanistan,Right hand Bat,Right arm Medium fast,Bowler,https://www.espncricinfo.com/cricketers/naveen-ul-haq-793447,"https://img1.hscicdn.com/image/upload/f_auto,t_ds_square_w_320/lsci/db/PICTURES/CMS/320500/320502.png"
201,Rilee Rossouw,South Africa,Left hand Bat,Right arm Offbreak,Top order Batter,https://www.espncricinfo.com/cricketers/rilee-rossouw-318845,"https://img1.hscicdn.com/image/upload/f_auto,t_ds_square_w_320/lsci/db/PICTURES/CMS/316600/316651.png"
202,Chirag Suri,United Arab Emirates,Right hand Bat,"Right arm Offbreak, Legbreak Googly",Opening Batter,https://www.espncricinfo.com/cricketers/chirag-suri-534734,"https://img1.hscicdn.com/image/upload/f_auto,t_ds_square_w_320/lsci/db/PICTURES/CMS/320000/320095.png"
203,Karthik Meiyappan,United Arab Emirates,Right hand Bat,Legbreak,Bowler,https://www.espncricinfo.com/cricketers/karthik-meiyappan-1058987,"https://img1.hscicdn.com/image/upload/f_auto,t_ds_square_w_320/lsci/db/PICTURES/CMS/351500/351563.png"
204,Matthew Cross,Scotland,Right hand Bat,nan,Wicketkeeper Batter,https://www.espncricinfo.com/cricketers/matthew-cross-417268,"https://img1.hscicdn.com/image/upload/f_auto,t_ds_square_w_320/lsci/db/PICTURES/CMS/316600/316680.png"
205,Naseem Shah,Pakistan,Right hand Bat,Right arm Fast,Bowler,https://www.espncricinfo.com/cricketers/naseem-shah-1158088,"https://img1.hscicdn.com/image/upload/f_auto,t_ds_square_w_320/lsci/db/PICTURES/CMS/322200/322223.png"
206,Litton Das,Bangladesh,Right hand Bat,Right arm Offbreak,Wicketkeeper Batter,https://www.espncricinfo.com/cricketers/litton-das-536936,"https://img1.hscicdn.com/image/upload/f_auto,t_ds_square_w_320/lsci/db/PICTURES/CMS/319700/319727.png"
207,Rohit Sharma,India,Right hand Bat,Right arm Offbreak,Top order Batter,https://www.espncricinfo.com/cricketers/rohit-sharma-34102,"https://img1.hscicdn.com/image/upload/f_auto,t_ds_square_w_320/lsci/db/PICTURES/CMS/316500/316584.png"
208,Fionn Hand,Ireland,Right hand Bat,Right arm Medium,Bowling Allrounder,https://www.espncricinfo.com/cricketers/fionn-hand-1099225,"https://img1.hscicdn.com/image/upload/f_auto,t_ds_square_w_320/lsci/db/PICTURES/CMS/348600/348603.png"
209,Barry McCarthy,Ireland,Right hand Bat,Right arm Fast medium,Bowler,https://www.espncricinfo.com/cricketers/barry-mccarthy-348059,"https://img1.hscicdn.com/image/upload/f_auto,t_ds_square_w_320/lsci/db/PICTURES/CMS/319800/319870.png"
210,Gareth Delany,Ireland,Right hand Bat,Legbreak Googly,Batting Allrounder,https://www.espncricinfo.com/cricketers/gareth-delany-1099379,"https://img1.hscicdn.com/image/upload/f_auto,t_ds_square_w_320/lsci/db/PICTURES/CMS/319800/319872.png"
211,James Neesham,New Zealand,Left hand Bat,Right arm Medium fast,Batting Allrounder,https://www.espncricinfo.com/cricketers/james-neesham-355269,"https://img1.hscicdn.com/image/upload/f_auto,t_ds_square_w_320/lsci/db/PICTURES/CMS/319700/319781.png"
212,Paul Stirling,Ireland,Right hand Bat,Right arm Offbreak,Batting Allrounder,https://www.espncricinfo.com/cricketers/paul-stirling-303427,"https://img1.hscicdn.com/image/upload/f_auto,t_ds_square_w_320/lsci/db/PICTURES/CMS/316600/316638.png"
